{"a": 35.40429119071953, "c": 47.564534728613346, "zoffset": 4.712500000000002, "b": 49.57951615082568, "yoffset": -15.160999999999998, "xoffset": -12.940000000000003}